workload,tensor_size,unfused_ms,fused_ms,speedup,unfused_cpp_compile_ms,fused_cpp_compile_ms
multiply_add,1000,0.07437499880325049,0.03118749737041071,2.384769701778448,1586.666041999706,1476.2829169994802
multiply_add,10000,0.3253959985158872,0.03795899829128757,8.57230204071462,595.9044589981204,426.41133299912326
multiply_add,100000,2.5747284962562844,0.14214549810276367,18.113331274092776,379.0057079968392,381.9147920003161
multiply_add,1000000,38.66375000507105,1.1755619998439215,32.88958813759241,386.50658300321084,1254.0005839982769
add_relu,1000,0.05281249832478352,0.026458001229912043,1.9960879835879837,379.66550000419375,337.7432079942082
add_relu,10000,0.307021000480745,0.07233349970192648,4.244520198053793,335.72108299995307,334.42812499561114
add_relu,100000,2.414270998997381,0.41133300328510813,5.869383151159335,326.18004200048745,329.18187500035856
add_relu,1000000,36.42452099666116,3.53539599746,10.302812194964948,365.72895799326943,971.995624997362
multiply_add_relu,1000,0.07993750114110298,0.03610449857660569,2.214059308191012,1102.343041995482,627.5312090001535
multiply_add_relu,10000,0.4579999949783087,0.08462500045425259,5.412112171578644,417.48575000383426,394.99145899753785
multiply_add_relu,100000,4.06864600154222,0.6147915009933058,6.617928183731547,395.6612080000923,394.99487500143005
multiply_add_relu,1000000,43.16012449999107,5.444187998364214,7.927743221387499,385.75895900430623,499.031916995591
long_chain,1000,0.09404149750480428,0.025540997739881277,3.6819821395607475,362.6202090017614,327.94599999760976
long_chain,10000,0.5802704981761053,0.06993749775574543,8.296986835340926,328.5062499999185,317.47550000000047
long_chain,100000,5.934042001172202,0.5352084954211023,11.087346430297776,346.47208399837837,329.68766699923435
long_chain,1000000,66.99085450236453,5.168833497009473,12.960536364950306,341.64591699664015,1131.714290997479
